Campaign,Ad Group,Keyword,Match Type,Status,Final URL
Nokta Transfer - Izmir Search,Izmir Transfer,izmir transfer,Phrase,Enabled,https://www.noktatransfer.com.tr/
Nokta Transfer - Izmir Search,Izmir Transfer,izmir özel transfer,Phrase,Enabled,https://www.noktatransfer.com.tr/
Nokta Transfer - Izmir Search,Izmir Transfer,izmir şehir içi transfer,Phrase,Enabled,https://www.noktatransfer.com.tr/
Nokta Transfer - Izmir Search,Izmir Transfer,izmir şehirlerarası transfer,Phrase,Enabled,https://www.noktatransfer.com.tr/
Nokta Transfer - Izmir Search,Izmir Transfer,izmir kapıdan kapıya transfer,Phrase,Enabled,https://www.noktatransfer.com.tr/
Nokta Transfer - Izmir Search,Izmir Transfer,nokta transfer,Exact,Enabled,https://www.noktatransfer.com.tr/
Nokta Transfer - Izmir Search,Havalimani Transfer,izmir havalimanı transfer,Phrase,Enabled,https://www.noktatransfer.com.tr/
Nokta Transfer - Izmir Search,Havalimani Transfer,adnan menderes transfer,Phrase,Enabled,https://www.noktatransfer.com.tr/
Nokta Transfer - Izmir Search,Havalimani Transfer,adnan menderes havalimanı transfer,Phrase,Enabled,https://www.noktatransfer.com.tr/
Nokta Transfer - Izmir Search,Havalimani Transfer,izmir havaalanı transfer,Phrase,Enabled,https://www.noktatransfer.com.tr/
Nokta Transfer - Izmir Search,Havalimani Transfer,izmir airport transfer,Phrase,Enabled,https://www.noktatransfer.com.tr/
Nokta Transfer - Izmir Search,Havalimani Transfer,izmir havalimanı vip transfer,Phrase,Enabled,https://www.noktatransfer.com.tr/
Nokta Transfer - Izmir Search,Uygun Fiyat Transfer,izmir uygun transfer,Phrase,Enabled,https://www.noktatransfer.com.tr/
Nokta Transfer - Izmir Search,Uygun Fiyat Transfer,izmir ucuz transfer,Phrase,Enabled,https://www.noktatransfer.com.tr/
Nokta Transfer - Izmir Search,Uygun Fiyat Transfer,izmir uygun fiyatlı transfer,Phrase,Enabled,https://www.noktatransfer.com.tr/
Nokta Transfer - Izmir Search,Uygun Fiyat Transfer,izmir net fiyat transfer,Phrase,Enabled,https://www.noktatransfer.com.tr/
Nokta Transfer - Izmir Search,Uygun Fiyat Transfer,izmir sabit fiyat transfer,Phrase,Enabled,https://www.noktatransfer.com.tr/
Nokta Transfer - Izmir Search,Uygun Fiyat Transfer,izmir ekonomik transfer,Phrase,Enabled,https://www.noktatransfer.com.tr/
Nokta Transfer - Izmir Search,VIP Transfer,izmir vip transfer,Phrase,Enabled,https://www.noktatransfer.com.tr/
Nokta Transfer - Izmir Search,VIP Transfer,izmir vito transfer,Phrase,Enabled,https://www.noktatransfer.com.tr/
Nokta Transfer - Izmir Search,VIP Transfer,izmir mercedes vito transfer,Phrase,Enabled,https://www.noktatransfer.com.tr/
Nokta Transfer - Izmir Search,VIP Transfer,izmir lüks transfer,Phrase,Enabled,https://www.noktatransfer.com.tr/
Nokta Transfer - Izmir Search,VIP Transfer,izmir özel araç transfer,Phrase,Enabled,https://www.noktatransfer.com.tr/
Nokta Transfer - Izmir Search,Sahil Hatlari,çeşme transfer,Phrase,Enabled,https://www.noktatransfer.com.tr/cesme-transfer/
Nokta Transfer - Izmir Search,Sahil Hatlari,alaçatı transfer,Phrase,Enabled,https://www.noktatransfer.com.tr/cesme-transfer/
Nokta Transfer - Izmir Search,Sahil Hatlari,urla transfer,Phrase,Enabled,https://www.noktatransfer.com.tr/urla-transfer/
Nokta Transfer - Izmir Search,Sahil Hatlari,foça transfer,Phrase,Enabled,https://www.noktatransfer.com.tr/foca-transfer/
Nokta Transfer - Izmir Search,Sahil Hatlari,seferihisar transfer,Phrase,Enabled,https://www.noktatransfer.com.tr/seferihisar-transfer/
Nokta Transfer - Izmir Search,Sahil Hatlari,selçuk transfer,Phrase,Enabled,https://www.noktatransfer.com.tr/selcuk-transfer/
Nokta Transfer - Izmir Search,Merkez Ilceler,karşıyaka transfer,Phrase,Enabled,https://www.noktatransfer.com.tr/karsiyaka-transfer/
Nokta Transfer - Izmir Search,Merkez Ilceler,bornova transfer,Phrase,Enabled,https://www.noktatransfer.com.tr/bornova-transfer/
Nokta Transfer - Izmir Search,Merkez Ilceler,konak transfer,Phrase,Enabled,https://www.noktatransfer.com.tr/konak-transfer/
Nokta Transfer - Izmir Search,Merkez Ilceler,buca transfer,Phrase,Enabled,https://www.noktatransfer.com.tr/buca-transfer/
Nokta Transfer - Izmir Search,Merkez Ilceler,gaziemir transfer,Phrase,Enabled,https://www.noktatransfer.com.tr/gaziemir-transfer/
Nokta Transfer - Izmir Search,Alternatif Arayanlar,tag taksi izmir,Phrase,Enabled,https://www.noktatransfer.com.tr/
Nokta Transfer - Izmir Search,Alternatif Arayanlar,martı tag izmir,Phrase,Enabled,https://www.noktatransfer.com.tr/
Nokta Transfer - Izmir Search,Alternatif Arayanlar,martı tag taksi izmir,Phrase,Enabled,https://www.noktatransfer.com.tr/
Nokta Transfer - Izmir Search,Alternatif Arayanlar,izmir taksi alternatifi,Phrase,Enabled,https://www.noktatransfer.com.tr/
Nokta Transfer - Izmir Search,Alternatif Arayanlar,izmir araç çağırma,Phrase,Enabled,https://www.noktatransfer.com.tr/
Nokta Transfer - Izmir Search,Alternatif Arayanlar,izmir hızlı araç çağırma,Phrase,Enabled,https://www.noktatransfer.com.tr/
