Campaign,Ad Group,Keyword,Match Type,Status
Nokta Transfer - Izmir Search,,iş ilanı,Phrase,Enabled
Nokta Transfer - Izmir Search,,şoför ilanı,Phrase,Enabled
Nokta Transfer - Izmir Search,,eleman arayan,Phrase,Enabled
Nokta Transfer - Izmir Search,,bedava,Phrase,Enabled
Nokta Transfer - Izmir Search,,ücretsiz,Phrase,Enabled
Nokta Transfer - Izmir Search,,dolmuş,Phrase,Enabled
Nokta Transfer - Izmir Search,,otobüs saatleri,Phrase,Enabled
Nokta Transfer - Izmir Search,,eshot,Phrase,Enabled
Nokta Transfer - Izmir Search,,izban,Phrase,Enabled
Nokta Transfer - Izmir Search,,metro saatleri,Phrase,Enabled
Nokta Transfer - Izmir Search,,plaka sorgulama,Phrase,Enabled
Nokta Transfer - Izmir Search,,ceza,Phrase,Enabled
Nokta Transfer - Izmir Search,,şikayet,Phrase,Enabled
Nokta Transfer - Izmir Search,,taksi plakası,Phrase,Enabled
Nokta Transfer - Izmir Search,,araç kiralama,Phrase,Enabled
Nokta Transfer - Izmir Search,,rent a car,Phrase,Enabled
Nokta Transfer - Izmir Search,,korsan,Phrase,Enabled
Nokta Transfer - Izmir Search,,telefon numarası sorgulama,Phrase,Enabled
